<?xml version="1.0" encoding="UTF-8"?>
<config xmlns="http://www.knime.org/2008/09/XMLConfig" xmlns:xsi="http://www.w3.org/2001/XMLSchema-instance" xsi:schemaLocation="http://www.knime.org/2008/09/XMLConfig http://www.knime.org/XMLConfig_2008_09.xsd" key="MiningSchema">
    <config key="learning">
        <entry key="array-size" type="xint" value="10"/>
        <entry key="0" type="xstring" value="Column0"/>
        <entry key="1" type="xstring" value="recipe_number"/>
        <entry key="2" type="xstring" value="recipe_code"/>
        <entry key="3" type="xstring" value="user_reputation"/>
        <entry key="4" type="xstring" value="created_at"/>
        <entry key="5" type="xstring" value="reply_count"/>
        <entry key="6" type="xstring" value="thumbs_up"/>
        <entry key="7" type="xstring" value="thumbs_down"/>
        <entry key="8" type="xstring" value="stars"/>
        <entry key="9" type="xstring" value="best_score"/>
    </config>
    <config key="target">
        <entry key="array-size" type="xint" value="1"/>
        <entry key="0" type="xstring" value="recipe_name"/>
    </config>
</config>
